Workbook

Sheet Bill of Material
B2: No | C2: Bahan Baku | D2: Persentase | E2: 100 gram | F2: 30 gram
B3: 1 | C3: Sodium Cocoyl Isethionate (SCI) | D3: 0.4 | E3: 40 | F3: 12
B4: 2 | C4: Methyl Ester Sulfonate (MES) | D4: 0.22 | E4: 22 | F4: 6.6
B5: 3 | C5: Cocamidopropyl Betaine (CAPB) | D5: 0.15 | E5: 15 | F5: 4.5
B6: 4 | C6: Elaeis Guineensis Butter | D6: 0.1 | E6: 10 | F6: 3
B7: 5 | C7: Cetyl Alcohol | D7: 0.08 | E7: 8 | F7: 2.4
B8: 6 | C8: Guar Gum | D8: 0.02 | E8: 2 | F8: 0.6
B9: 7 | C9: Essential oil | D9: 0.03 | E9: 3 | F9: 0.9
B10: Total Master BOM | D10: 1 | E10: =SUM(E3:E9) -> 100 | F10: =SUM(F3:F9) -> 30

Sheet Barang Jadi
B2: No | C2: Nama Produk | D2: Harga (Rp)
B3: 1 | C3: SHAMPOO BAR 100 GR GINSENG JAWA SCENTED | D3: 38
B4: 2 | C4: SHAMPOO BAR 100 GR GINSENG JAWA UNSCENTED | D4: 28
B5: 3 | C5: SHAMPOO BAR 100GR AGAR-AGAR SANTAN | D5: 40
B6: 4 | C6: SHAMPOO BAR 100GR FO TI MERANG | D6: 42
B7: 5 | C7: SHAMPOO BAR 100 GR CINNAMON | D7: 30
B8: 6 | C8: SHAMPOO BAR 100 GR LICORICE SCENTED | D8: 40
B9: 7 | C9: SHAMPOO BAR 100 GR LICORICE UNSCENTED | D9: 28
B10: 8 | C10: SHAMPOO BAR 100 GR MORINGA | D10: 52
B11: 9 | C11: SHAMPOO BAR 100 GR NEEM UNSCENTED | D11: 27
B12: 10 | C12: SHAMPOO BAR 100 GR NEEM SCENTED | D12: 22
B13: 11 | C13: SHAMPOO BAR 100 GR TURMERIC ROSEMARY | D13: 45.5
B14: 12 | C14: SHAMPOO BAR 100GR BETEL | D14: 32
... B35: 33 | C35: SHAMPOO BAR 30GR URANG ARING | D35: 16.5

Sheet Data Penjualan
B2: NAMA PRODUK | C2: PERIODE | O2: TOTAL
C3: 1 | D3: 2 | E3: 3 | F3: 4 | G3: 5 | H3: 6 | I3: 7 | J3: 8 | K3: 9 | L3: 10 | M3: 11 | N3: 12
B4: SHAMPOO BAR 100 GR GINSENG JAWA SCENTED | C4: 38 | D4: 38 | E4: 27 | F4: 35 | G4: 10 | H4: 12 | I4: 6 | J4: 13 | K4: 11 | L4: 4 | M4: 7 | N4: 5 | O4: =SUM(C4:N4) -> 206
B5: SHAMPOO BAR 100 GR GINSENG JAWA UNSCENTED | C5: 38 | D5: 38 | E5: 30 | F5: 29 | G5: 33 | H5: 29 | I5: 43 | J5: 46 | K5: 59 | L5: 42 | M5: 16 | N5: 17 | O5: =SUM(C5:N5) -> 420
B6: SHAMPOO BAR 100 GR URANG ARING SCENTED | C6: 24 | D6: 17 | E6: 23 | F6: 18 | G6: 13 | H6: 2 | I6: 11 | J6: 18 | K6: 8 | L6: 2 | M6: 10 | N6: 2 | O6: =SUM(C6:N6) -> 148
B7: SHAMPOO BAR 100 GR URANG ARING UNSCENTED | C7: 21 | D7: 12 | E7: 5 | F7: 5 | G7: 4 | H7: 4 | I7: 7 | J7: 10 | K7: 12 | L7: 11 | M7: 7 | N7: 9 | O7: =SUM(C7:N7) -> 107
B8: SHAMPOO BAR 100 GR CINNAMON | C8: 27 | D8: 16 | E8: 16 | F8: 26 | G8: 15 | H8: 19 | I8: 9 | J8: 20 | K8: 20 | L8: 21 | M8: 16 | N8: 14 | O8: =SUM(C8:N8) -> 219
B9: SHAMPOO BAR 100 GR TURMERIC ROSEMARY | C9: 16 | D9: 18 | E9: 22 | F9: 18 | G9: 15 | H9: 14 | I9: 13 | J9: 22 | K9: 30 | L9: 14 | M9: 17 | N9: 14 | O9: =SUM(C9:N9) -> 213
B10: SHAMPOO BAR 100GR GINGER | C10: 48 | D10: 14 | E10: 15 | F10: 30 | G10: 25 | H10: 28 | I10: 19 | J10: 17 | K10: 24 | L10: 30 | M10: 17 | N10: 30 | O10: =SUM(C10:N10) -> 297
B11: SHAMPOO BAR 100 GR LICORICE SCENTED | C11: 10 | D11: 10 | E11: 12 | F11: 11 | G11: 4 | H11: 1 | I11: 2 | J11: 2 | K11: 6 | L11: 15 | M11: 10 | N11: 16 | O11: =SUM(C11:N11) -> 99
B12: SHAMPOO BAR 100 GR LICORICE UNSCENTED | C12: 7 | D12: 12 | E12: 11 | F12: 6 | G12: 13 | H12: 12 | I12: 9 | J12: 16 | K12: 29 | L12: 18 | M12: 16 | N12: 7 | O12: =SUM(C12:N12) -> 156
B13: SHAMPOO BAR 100 GR GREEN TEA | C13: 19 | D13: 18 | E13: 19 | F13: 19 | G13: 28 | H13: 24 | I13: 17 | J13: 20 | K13: 19 | L13: 21 | M13: 17 | N13: 28 | O13: =SUM(C13:N13) -> 249
B14: SHAMPOO BAR 100 GR MORINGA | C14: 7 | D14: 6 | E14: 3 | F14: 2 | G14: 6 | H14: 10 | I14: 11 | J14: 15 | K14: 17 | L14: 9 | M14: 16 | N14: 11 | O14: =SUM(C14:N14) -> 113
B15: SHAMPOO BAR 100 GR NEEM SCENTED | C15: 5 | D15: 5 | E15: 3 | F15: 2 | G15: 6 | H15: 4 | I15: 4 | J15: 1 | K15: 4 | L15: 7 | M15: 3 | N15: 3 | O15: =SUM(C15:N15) -> 47
... B26: SHAMPOO BAR 100 GR ORANGE PEEL | C26: 18 | D26: 13 | E26: 15 | F26: 5 | G26: 21 | H26: 9 | I26: 4 | J26: 1 | K26: 8 | L26: 8 | M26: 4 | N26: 3 | O26: =SUM(C26:N26) -> 109
B27: TOTAL | C27: =SUM(C4:C26) -> 457 | D27: =SUM(D4:D26) -> 442 | E27: =SUM(E4:E26) -> 406 | F27: =SUM(F4:F26) -> 438 | G27: =SUM(G4:G26) -> 374 | H27: =SUM(H4:H26) -> 352 | I27: =SUM(I4:I26) -> 293 | J27: =SUM(J4:J26) -> 416 | ... O27: =SUM(O4:O26) -> 4694
B30: NAMA PRODUK | C30: PERIODE | O30: TOTAL
C31: 1 | D31: 2 | E31: 3 | F31: 4 | G31: 5 | H31: 6 | I31: 7 | J31: 8 | K31: 9 | L31: 10 | M31: 11 | N31: 12
B32: SHAMPOO BAR 30 GR CINNAMON | C32: 20 | D32: 31 | E32: 27 | F32: 44 | G32: 34 | H32: 33 | I32: 50 | J32: 40 | K32: 35 | L32: 47 | M32: 50 | N32: 23 | O32: =SUM(C32:N32) -> 434
B33: SHAMPOO BAR 30 GR LICORICE | C33: 24 | D33: 30 | E33: 20 | F33: 24 | G33: 17 | H33: 14 | I33: 9 | J33: 29 | K33: 23 | L33: 25 | M33: 21 | N33: 8 | O33: =SUM(C33:N33) -> 244
B34: SHAMPOO BAR 30 GR MORINGA | C34: 21 | D34: 39 | E34: 34 | F34: 28 | G34: 24 | H34: 22 | I34: 21 | J34: 30 | K34: 16 | L34: 29 | M34: 27 | N34: 31 | O34: =SUM(C34:N34) -> 322
B35: SHAMPOO BAR 30 GR TURMERIC ROSEMARY | C35: 22 | D35: 24 | E35: 34 | F35: 35 | G35: 29 | H35: 35 | I35: 32 | J35: 38 | K35: 34 | L35: 24 | M35: 22 | N35: 25 | O35: =SUM(C35:N35) -> 354
B36: SHAMPOO BAR 30 GR CELERY | C36: 36 | D36: 44 | E36: 35 | F36: 34 | G36: 25 | H36: 26 | I36: 27 | J36: 35 | K36: 30 | L36: 28 | M36: 28 | N36: 35 | O36: =SUM(C36:N36) -> 383
B37: SHAMPOO BAR 30 GR GINGER | C37: 16 | D37: 26 | E37: 27 | F37: 12 | G37: 10 | H37: 24 | I37: 17 | J37: 23 | K37: 16 | L37: 21 | M37: 11 | N37: 33 | O37: =SUM(C37:N37) -> 236
B38: SHAMPOO BAR 30 GR GREEN TEA | C38: 17 | D38: 32 | E38: 23 | F38: 32 | G38: 15 | H38: 17 | I38: 19 | J38: 17 | K38: 12 | L38: 30 | M38: 20 | N38: 29 | O38: =SUM(C38:N38) -> 263
B39: SHAMPOO BAR 30 GR ROSEMARY | C39: 34 | D39: 47 | E39: 52 | F39: 45 | G39: 36 | H39: 28 | I39: 29 | J39: 23 | K39: 22 | L39: 17 | M39: 22 | N39: 30 | O39: =SUM(C39:N39) -> 385
B40: SHAMPOO BAR 30 GR TELANG | C40: 32 | D40: 41 | E40: 30 | F40: 24 | G40: 30 | H40: 30 | I40: 26 | J40: 30 | K40: 28 | L40: 26 | M40: 26 | N40: 24 | O40: =SUM(C40:N40) -> 347
B41: SHAMPOO BAR 30 GR URANG ARING | C41: 27 | D41: 55 | E41: 51 | F41: 44 | G41: 35 | H41: 37 | I41: 25 | J41: 61 | K41: 31 | L41: 20 | M41: 24 | N41: 39 | O41: =SUM(C41:N41) -> 449
C42: =SUM(C32:C41) -> 249 | D42: =SUM(D32:D41) -> 369 | E42: =SUM(E32:E41) -> 333 | F42: =SUM(F32:F41) -> 322 | G42: =SUM(G32:G41) -> 255 | H42: =SUM(H32:H41) -> 266 | I42: =SUM(I32:I41) -> 255 | J42: =SUM(J32:J41) -> 326 | ... O42: =SUM(O32:O41) -> 3417

Sheet Pemakaian Bulanan
A1: Kode | B1: Nama Bahan Baku | C1: Satuan | D1: Januari | E1: Februari | F1: Maret | G1: April | H1: Mei | I1: Juni | J1: Juli | K1: Agustus | L1: September | M1: Oktober | N1: November | O1: Desember | P1: Total | Q1: Sumber Data
A2: BB01 | B2: Methyl Ester Sulfonate (MES) | C2: kg | D2: =(('Bill of Material'!E3*'Data Penjualan'!$C$27)+('Bill of Material'!F3*'Data Penjualan'!$C$42))/1000 -> 21.268 | E2: =(('Bill of Material'!E3*'Data Penjualan'!$D$27)+('Bill of Material'!F3*'Data Penjualan'!$D$42))/1000 -> 22.108 | F2: =(('Bill of Material'!E3*'Data Penjualan'!$E$27)+('Bill of Material'!F3*'Data Penjualan'!$E$42))/1000 -> 20.236 | G2: =(('Bill of Material'!E3*'Data Penjualan'!$F$27)+('Bill of Material'!F3*'Data Penjualan'!$F$42))/1000 -> 21.384 | H2: =(('Bill of Material'!E3*'Data Penjualan'!$G$27)+('Bill of Material'!F3*'Data Penjualan'!$G$42))/1000 -> 18.02 | I2: =(('Bill of Material'!E3*'Data Penjualan'!$H$27)+('Bill of Material'!F3*'Data Penjualan'!$H$42))/1000 -> 17.272 | J2: =(('Bill of Material'!E3*'Data Penjualan'!$I$27)+('Bill of Material'!F3*'Data Penjualan'!$I$42))/1000 -> 14.78 | K2: =(('Bill of Material'!E3*'Data Penjualan'!$J$27)+('Bill of Material'!F3*'Data Penjualan'!$J$42))/1000 -> 20.552 | L2: =(('Bill of Material'!E3*'Data Penjualan'!$K$27)+('Bill of Material'!F3*'Data Penjualan'!$K$42))/1000 -> 20.324 | M2: =(('Bill of Material'!E3*'Data Penjualan'!$L$27)+('Bill of Material'!F3*'Data Penjualan'!$L$42))/1000 -> 19.884 | N2: =(('Bill of Material'!E3*'Data Penjualan'!$M$27)+('Bill of Material'!F3*'Data Penjualan'!$M$42))/1000 -> 16.452 | O2: =(('Bill of Material'!E3*'Data Penjualan'!$N$27)+('Bill of Material'!F3*'Data Penjualan'!$N$42))/1000 -> 16.484 | P2: =SUM(D2:O2) -> 228.764 | Q2: Data riil perusahaan
A3: BB02 | B3: Sodium Cocoyl Isethionate (SCI) | C3: kg | D3: =(('Bill of Material'!E4*'Data Penjualan'!$C$27)+('Bill of Material'!F4*'Data Penjualan'!$C$42))/1000 -> 11.6974 | E3: =(('Bill of Material'!E4*'Data Penjualan'!$D$27)+('Bill of Material'!F4*'Data Penjualan'!$D$42))/1000 -> 12.1594 | F3: =(('Bill of Material'!E4*'Data Penjualan'!$E$27)+('Bill of Material'!F4*'Data Penjualan'!$E$42))/1000 -> 11.1298 | G3: =(('Bill of Material'!E4*'Data Penjualan'!$F$27)+('Bill of Material'!F4*'Data Penjualan'!$F$42))/1000 -> 11.7612 | H3: =(('Bill of Material'!E4*'Data Penjualan'!$G$27)+('Bill of Material'!F4*'Data Penjualan'!$G$42))/1000 -> 9.911 | I3: =(('Bill of Material'!E4*'Data Penjualan'!$H$27)+('Bill of Material'!F4*'Data Penjualan'!$H$42))/1000 -> 9.4996 | J3: =(('Bill of Material'!E4*'Data Penjualan'!$I$27)+('Bill of Material'!F4*'Data Penjualan'!$I$42))/1000 -> 8.129 | K3: =(('Bill of Material'!E4*'Data Penjualan'!$J$27)+('Bill of Material'!F4*'Data Penjualan'!$J$42))/1000 -> 11.3036 | L3: =(('Bill of Material'!E4*'Data Penjualan'!$K$27)+('Bill of Material'!F4*'Data Penjualan'!$K$42))/1000 -> 11.1782 | M3: =(('Bill of Material'!E4*'Data Penjualan'!$L$27)+('Bill of Material'!F4*'Data Penjualan'!$L$42))/1000 -> 10.9362 | N3: =(('Bill of Material'!E4*'Data Penjualan'!$M$27)+('Bill of Material'!F4*'Data Penjualan'!$M$42))/1000 -> 9.0486 | O3: =(('Bill of Material'!E4*'Data Penjualan'!$N$27)+('Bill of Material'!F4*'Data Penjualan'!$N$42))/1000 -> 9.0662 | P3: =SUM(D3:O3) -> 125.8202 | Q3: Data riil perusahaan
A4: BB03 | B4: Cocamidopropyl Betaine (CAPB) | C4: kg | D4: =(('Bill of Material'!E5*'Data Penjualan'!$C$27)+('Bill of Material'!F5*'Data Penjualan'!$C$42))/1000 -> 7.9755 | E4: =(('Bill of Material'!E5*'Data Penjualan'!$D$27)+('Bill of Material'!F5*'Data Penjualan'!$D$42))/1000 -> 8.2905 | F4: =(('Bill of Material'!E5*'Data Penjualan'!$E$27)+('Bill of Material'!F5*'Data Penjualan'!$E$42))/1000 -> 7.5885 | G4: =(('Bill of Material'!E5*'Data Penjualan'!$F$27)+('Bill of Material'!F5*'Data Penjualan'!$F$42))/1000 -> 8.019 | H4: =(('Bill of Material'!E5*'Data Penjualan'!$G$27)+('Bill of Material'!F5*'Data Penjualan'!$G$42))/1000 -> 6.7575 | I4: =(('Bill of Material'!E5*'Data Penjualan'!$H$27)+('Bill of Material'!F5*'Data Penjualan'!$H$42))/1000 -> 6.477 | J4: =(('Bill of Material'!E5*'Data Penjualan'!$I$27)+('Bill of Material'!F5*'Data Penjualan'!$I$42))/1000 -> 5.5425 | K4: =(('Bill of Material'!E5*'Data Penjualan'!$J$27)+('Bill of Material'!F5*'Data Penjualan'!$J$42))/1000 -> 7.707 | L4: =(('Bill of Material'!E5*'Data Penjualan'!$K$27)+('Bill of Material'!F5*'Data Penjualan'!$K$42))/1000 -> 7.6215 | M4: =(('Bill of Material'!E5*'Data Penjualan'!$L$27)+('Bill of Material'!F5*'Data Penjualan'!$L$42))/1000 -> 7.4565 | N4: =(('Bill of Material'!E5*'Data Penjualan'!$M$27)+('Bill of Material'!F5*'Data Penjualan'!$M$42))/1000 -> 6.1695 | O4: =(('Bill of Material'!E5*'Data Penjualan'!$N$27)+('Bill of Material'!F5*'Data Penjualan'!$N$42))/1000 -> 6.1815 | P4: =SUM(D4:O4) -> 85.7865 | Q4: Data riil perusahaan
A5: BB04 | B5: Elaeis Guineensis Butter | C5: kg | D5: =(('Bill of Material'!E6*'Data Penjualan'!$C$27)+('Bill of Material'!F6*'Data Penjualan'!$C$42))/1000 -> 5.317 | E5: =(('Bill of Material'!E6*'Data Penjualan'!$D$27)+('Bill of Material'!F6*'Data Penjualan'!$D$42))/1000 -> 5.527 | F5: =(('Bill of Material'!E6*'Data Penjualan'!$E$27)+('Bill of Material'!F6*'Data Penjualan'!$E$42))/1000 -> 5.059 | G5: =(('Bill of Material'!E6*'Data Penjualan'!$F$27)+('Bill of Material'!F6*'Data Penjualan'!$F$42))/1000 -> 5.346 | H5: =(('Bill of Material'!E6*'Data Penjualan'!$G$27)+('Bill of Material'!F6*'Data Penjualan'!$G$42))/1000 -> 4.505 | I5: =(('Bill of Material'!E6*'Data Penjualan'!$H$27)+('Bill of Material'!F6*'Data Penjualan'!$H$42))/1000 -> 4.318 | J5: =(('Bill of Material'!E6*'Data Penjualan'!$I$27)+('Bill of Material'!F6*'Data Penjualan'!$I$42))/1000 -> 3.695 | K5: =(('Bill of Material'!E6*'Data Penjualan'!$J$27)+('Bill of Material'!F6*'Data Penjualan'!$J$42))/1000 -> 5.138 | L5: =(('Bill of Material'!E6*'Data Penjualan'!$K$27)+('Bill of Material'!F6*'Data Penjualan'!$K$42))/1000 -> 5.081 | M5: =(('Bill of Material'!E6*'Data Penjualan'!$L$27)+('Bill of Material'!F6*'Data Penjualan'!$L$42))/1000 -> 4.971 | N5: =(('Bill of Material'!E6*'Data Penjualan'!$M$27)+('Bill of Material'!F6*'Data Penjualan'!$M$42))/1000 -> 4.113 | O5: =(('Bill of Material'!E6*'Data Penjualan'!$N$27)+('Bill of Material'!F6*'Data Penjualan'!$N$42))/1000 -> 4.121 | P5: =SUM(D5:O5) -> 57.191 | Q5: Data riil perusahaan
A6: BB05 | B6: Cetyl Alcohol | C6: kg | D6: =(('Bill of Material'!E7*'Data Penjualan'!$C$27)+('Bill of Material'!F7*'Data Penjualan'!$C$42))/1000 -> 4.2536 | E6: =(('Bill of Material'!E7*'Data Penjualan'!$D$27)+('Bill of Material'!F7*'Data Penjualan'!$D$42))/1000 -> 4.4216 | F6: =(('Bill of Material'!E7*'Data Penjualan'!$E$27)+('Bill of Material'!F7*'Data Penjualan'!$E$42))/1000 -> 4.0472 | G6: =(('Bill of Material'!E7*'Data Penjualan'!$F$27)+('Bill of Material'!F7*'Data Penjualan'!$F$42))/1000 -> 4.2768 | H6: =(('Bill of Material'!E7*'Data Penjualan'!$G$27)+('Bill of Material'!F7*'Data Penjualan'!$G$42))/1000 -> 3.604 | I6: =(('Bill of Material'!E7*'Data Penjualan'!$H$27)+('Bill of Material'!F7*'Data Penjualan'!$H$42))/1000 -> 3.4544 | J6: =(('Bill of Material'!E7*'Data Penjualan'!$I$27)+('Bill of Material'!F7*'Data Penjualan'!$I$42))/1000 -> 2.956 | K6: =(('Bill of Material'!E7*'Data Penjualan'!$J$27)+('Bill of Material'!F7*'Data Penjualan'!$J$42))/1000 -> 4.1104 | L6: =(('Bill of Material'!E7*'Data Penjualan'!$K$27)+('Bill of Material'!F7*'Data Penjualan'!$K$42))/1000 -> 4.0648 | M6: =(('Bill of Material'!E7*'Data Penjualan'!$L$27)+('Bill of Material'!F7*'Data Penjualan'!$L$42))/1000 -> 3.9768 | N6: =(('Bill of Material'!E7*'Data Penjualan'!$M$27)+('Bill of Material'!F7*'Data Penjualan'!$M$42))/1000 -> 3.2904 | O6: =(('Bill of Material'!E7*'Data Penjualan'!$N$27)+('Bill of Material'!F7*'Data Penjualan'!$N$42))/1000 -> 3.2968 | P6: =SUM(D6:O6) -> 45.7528 | Q6: Data riil perusahaan
A7: BB06 | B7: Guargum | C7: kg | D7: =(('Bill of Material'!E8*'Data Penjualan'!$C$27)+('Bill of Material'!F8*'Data Penjualan'!$C$42))/1000 -> 1.0634 | E7: =(('Bill of Material'!E8*'Data Penjualan'!$D$27)+('Bill of Material'!F8*'Data Penjualan'!$D$42))/1000 -> 1.1054 | F7: =(('Bill of Material'!E8*'Data Penjualan'!$E$27)+('Bill of Material'!F8*'Data Penjualan'!$E$42))/1000 -> 1.0118 | G7: =(('Bill of Material'!E8*'Data Penjualan'!$F$27)+('Bill of Material'!F8*'Data Penjualan'!$F$42))/1000 -> 1.0692 | H7: =(('Bill of Material'!E8*'Data Penjualan'!$G$27)+('Bill of Material'!F8*'Data Penjualan'!$G$42))/1000 -> 0.901 | I7: =(('Bill of Material'!E8*'Data Penjualan'!$H$27)+('Bill of Material'!F8*'Data Penjualan'!$H$42))/1000 -> 0.8636 | J7: =(('Bill of Material'!E8*'Data Penjualan'!$I$27)+('Bill of Material'!F8*'Data Penjualan'!$I$42))/1000 -> 0.739 | K7: =(('Bill of Material'!E8*'Data Penjualan'!$J$27)+('Bill of Material'!F8*'Data Penjualan'!$J$42))/1000 -> 1.0276 | L7: =(('Bill of Material'!E8*'Data Penjualan'!$K$27)+('Bill of Material'!F8*'Data Penjualan'!$K$42))/1000 -> 1.0162 | M7: =(('Bill of Material'!E8*'Data Penjualan'!$L$27)+('Bill of Material'!F8*'Data Penjualan'!$L$42))/1000 -> 0.9942 | N7: =(('Bill of Material'!E8*'Data Penjualan'!$M$27)+('Bill of Material'!F8*'Data Penjualan'!$M$42))/1000 -> 0.8226 | O7: =(('Bill of Material'!E8*'Data Penjualan'!$N$27)+('Bill of Material'!F8*'Data Penjualan'!$N$42))/1000 -> 0.8242 | P7: =SUM(D7:O7) -> 11.4382 | Q7: Estimasi dari data penjualan (BOM asumsi 1,0% berat produk, semua varian)
A8: BB07 | B8: Urang-Aring | C8: kg | D8: =(('Bill of Material'!E9*'Data Penjualan'!$C$27)+('Bill of Material'!F9*'Data Penjualan'!$C$42))/1000 -> 1.5951 | E8: =(('Bill of Material'!E9*'Data Penjualan'!$D$27)+('Bill of Material'!F9*'Data Penjualan'!$D$42))/1000 -> 1.6581 | F8: =(('Bill of Material'!E9*'Data Penjualan'!$E$27)+('Bill of Material'!F9*'Data Penjualan'!$E$42))/1000 -> 1.5177 | G8: =(('Bill of Material'!E9*'Data Penjualan'!$F$27)+('Bill of Material'!F9*'Data Penjualan'!$F$42))/1000 -> 1.6038 | H8: =(('Bill of Material'!E9*'Data Penjualan'!$G$27)+('Bill of Material'!F9*'Data Penjualan'!$G$42))/1000 -> 1.3515 | I8: =(('Bill of Material'!E9*'Data Penjualan'!$H$27)+('Bill of Material'!F9*'Data Penjualan'!$H$42))/1000 -> 1.2954 | J8: =(('Bill of Material'!E9*'Data Penjualan'!$I$27)+('Bill of Material'!F9*'Data Penjualan'!$I$42))/1000 -> 1.1085 | K8: =(('Bill of Material'!E9*'Data Penjualan'!$J$27)+('Bill of Material'!F9*'Data Penjualan'!$J$42))/1000 -> 1.5414 | L8: =(('Bill of Material'!E9*'Data Penjualan'!$K$27)+('Bill of Material'!F9*'Data Penjualan'!$K$42))/1000 -> 1.5243 | M8: =(('Bill of Material'!E9*'Data Penjualan'!$L$27)+('Bill of Material'!F9*'Data Penjualan'!$L$42))/1000 -> 1.4913 | N8: =(('Bill of Material'!E9*'Data Penjualan'!$M$27)+('Bill of Material'!F9*'Data Penjualan'!$M$42))/1000 -> 1.2339 | O8: =(('Bill of Material'!E9*'Data Penjualan'!$N$27)+('Bill of Material'!F9*'Data Penjualan'!$N$42))/1000 -> 1.2363 | P8: =SUM(D8:O8) -> 17.1573 | Q8: Estimasi dari data penjualan (BOM asumsi 3,0% berat produk, varian Urang Aring saja)
A9: BB08 | B9: Bergamot Oil | C9: liter | D9: =(('Bill of Material'!E9*'Data Penjualan'!$C$27)+('Bill of Material'!F9*'Data Penjualan'!$C$42))/1000 -> 1.5951 | E9: =(('Bill of Material'!E9*'Data Penjualan'!$D$27)+('Bill of Material'!F9*'Data Penjualan'!$D$42))/1000 -> 1.6581 | F9: =(('Bill of Material'!E9*'Data Penjualan'!$E$27)+('Bill of Material'!F9*'Data Penjualan'!$E$42))/1000 -> 1.5177 | G9: =(('Bill of Material'!E9*'Data Penjualan'!$F$27)+('Bill of Material'!F9*'Data Penjualan'!$F$42))/1000 -> 1.6038 | H9: =(('Bill of Material'!E9*'Data Penjualan'!$G$27)+('Bill of Material'!F9*'Data Penjualan'!$G$42))/1000 -> 1.3515 | I9: =(('Bill of Material'!E9*'Data Penjualan'!$H$27)+('Bill of Material'!F9*'Data Penjualan'!$H$42))/1000 -> 1.2954 | J9: =(('Bill of Material'!E9*'Data Penjualan'!$I$27)+('Bill of Material'!F9*'Data Penjualan'!$I$42))/1000 -> 1.1085 | K9: =(('Bill of Material'!E9*'Data Penjualan'!$J$27)+('Bill of Material'!F9*'Data Penjualan'!$J$42))/1000 -> 1.5414 | L9: =(('Bill of Material'!E9*'Data Penjualan'!$K$27)+('Bill of Material'!F9*'Data Penjualan'!$K$42))/1000 -> 1.5243 | M9: =(('Bill of Material'!E9*'Data Penjualan'!$L$27)+('Bill of Material'!F9*'Data Penjualan'!$L$42))/1000 -> 1.4913 | N9: =(('Bill of Material'!E9*'Data Penjualan'!$M$27)+('Bill of Material'!F9*'Data Penjualan'!$M$42))/1000 -> 1.2339 | O9: =(('Bill of Material'!E9*'Data Penjualan'!$N$27)+('Bill of Material'!F9*'Data Penjualan'!$N$42))/1000 -> 1.2363 | P9: =SUM(D9:O9) -> 17.1573 | Q9: Estimasi dari data penjualan (BOM asumsi 0,5% berat produk, semua varian - base fragrance)
A10: BB09 | B10: Rosemary Oil | C10: liter | D10: =(('Bill of Material'!E9*'Data Penjualan'!$C$27)+('Bill of Material'!F9*'Data Penjualan'!$C$42))/1000 -> 1.5951 | E10: =(('Bill of Material'!E9*'Data Penjualan'!$D$27)+('Bill of Material'!F9*'Data Penjualan'!$D$42))/1000 -> 1.6581 | F10: =(('Bill of Material'!E9*'Data Penjualan'!$E$27)+('Bill of Material'!F9*'Data Penjualan'!$E$42))/1000 -> 1.5177 | G10: =(('Bill of Material'!E9*'Data Penjualan'!$F$27)+('Bill of Material'!F9*'Data Penjualan'!$F$42))/1000 -> 1.6038 | H10: =(('Bill of Material'!E9*'Data Penjualan'!$G$27)+('Bill of Material'!F9*'Data Penjualan'!$G$42))/1000 -> 1.3515 | I10: =(('Bill of Material'!E9*'Data Penjualan'!$H$27)+('Bill of Material'!F9*'Data Penjualan'!$H$42))/1000 -> 1.2954 | J10: =(('Bill of Material'!E9*'Data Penjualan'!$I$27)+('Bill of Material'!F9*'Data Penjualan'!$I$42))/1000 -> 1.1085 | K10: =(('Bill of Material'!E9*'Data Penjualan'!$J$27)+('Bill of Material'!F9*'Data Penjualan'!$J$42))/1000 -> 1.5414 | L10: =(('Bill of Material'!E9*'Data Penjualan'!$K$27)+('Bill of Material'!F9*'Data Penjualan'!$K$42))/1000 -> 1.5243 | M10: =(('Bill of Material'!E9*'Data Penjualan'!$L$27)+('Bill of Material'!F9*'Data Penjualan'!$L$42))/1000 -> 1.4913 | N10: =(('Bill of Material'!E9*'Data Penjualan'!$M$27)+('Bill of Material'!F9*'Data Penjualan'!$M$42))/1000 -> 1.2339 | O10: =(('Bill of Material'!E9*'Data Penjualan'!$N$27)+('Bill of Material'!F9*'Data Penjualan'!$N$42))/1000 -> 1.2363 | P10: =SUM(D10:O10) -> 17.1573 | Q10: Estimasi dari data penjualan (BOM asumsi tambahan 1,5% berat produk, varian Rosemary/Turmeric Rosemary saja)
A11: BB10 | B11: Lavender Oil | C11: liter | D11: =(('Bill of Material'!E9*'Data Penjualan'!$C$27)+('Bill of Material'!F9*'Data Penjualan'!$C$42))/1000 -> 1.5951 | E11: =(('Bill of Material'!E9*'Data Penjualan'!$D$27)+('Bill of Material'!F9*'Data Penjualan'!$D$42))/1000 -> 1.6581 | F11: =(('Bill of Material'!E9*'Data Penjualan'!$E$27)+('Bill of Material'!F9*'Data Penjualan'!$E$42))/1000 -> 1.5177 | G11: =(('Bill of Material'!E9*'Data Penjualan'!$F$27)+('Bill of Material'!F9*'Data Penjualan'!$F$42))/1000 -> 1.6038 | H11: =(('Bill of Material'!E9*'Data Penjualan'!$G$27)+('Bill of Material'!F9*'Data Penjualan'!$G$42))/1000 -> 1.3515 | I11: =(('Bill of Material'!E9*'Data Penjualan'!$H$27)+('Bill of Material'!F9*'Data Penjualan'!$H$42))/1000 -> 1.2954 | J11: =(('Bill of Material'!E9*'Data Penjualan'!$I$27)+('Bill of Material'!F9*'Data Penjualan'!$I$42))/1000 -> 1.1085 | K11: =(('Bill of Material'!E9*'Data Penjualan'!$J$27)+('Bill of Material'!F9*'Data Penjualan'!$J$42))/1000 -> 1.5414 | L11: =(('Bill of Material'!E9*'Data Penjualan'!$K$27)+('Bill of Material'!F9*'Data Penjualan'!$K$42))/1000 -> 1.5243 | M11: =(('Bill of Material'!E9*'Data Penjualan'!$L$27)+('Bill of Material'!F9*'Data Penjualan'!$L$42))/1000 -> 1.4913 | N11: =(('Bill of Material'!E9*'Data Penjualan'!$M$27)+('Bill of Material'!F9*'Data Penjualan'!$M$42))/1000 -> 1.2339 | O11: =(('Bill of Material'!E9*'Data Penjualan'!$N$27)+('Bill of Material'!F9*'Data Penjualan'!$N$42))/1000 -> 1.2363 | P11: =SUM(D11:O11) -> 17.1573 | Q11: Estimasi dari data penjualan (BOM asumsi 0,5% berat produk, semua varian - base fragrance)
D12: =SUM(D2:D11) -> 57.9553 | E12: =SUM(E2:E11) -> 60.2443 | F12: =SUM(F2:F11) -> 55.1431 | G12: =SUM(G2:G11) -> 58.2714 | H12: =SUM(H2:H11) -> 49.1045 | I12: =SUM(I2:I11) -> 47.0662 | J12: =SUM(J2:J11) -> 40.2755 | K12: =SUM(K2:K11) -> 56.0042 | ... P12: =SUM(P2:P11) -> 623.3819

Sheet ABC-EOQ-SS-ROP
A1: Kode | B1: Nama Bahan Baku | C1: Satuan | D1: Kebutuhan Tahunan (D) | E1: Harga Satuan (Rp) | F1: Nilai Pemakaian Tahunan (Rp) | G1: % Individual | H1: % Kumulatif | I1: Kelas ABC | J1: Biaya Pesan/S (Rp) | K1: Biaya Simpan/H (Rp/unit/th) | L1: EOQ | M1: SD Bulanan | N1: SD Harian | O1: Lead Time (Hari) | P1: Z (95%) | Q1: Safety Stock (SS) | R1: ROP | S1: Asumsi Stok Awal Jan 2025
A2: BB02 | B2: Sodium Cocoyl Isethionate (SCI) | C2: kg | D2: ='Pemakaian Bulanan'!P2 -> 228.764 | E2: 290000 | F2: =D2*E2 -> 66341560 | G2: =F2/SUM($F$2:$F$11)*100 -> 67.540029 | H2: =SUM($G$2:G2) -> 67.540029 | I2: =IF(H2<=80,"A",IF(H2<=95,"B","C")) -> A | J2: 40000 | K2: =E2*20% -> 58000 | L2: =SQRT((2*D2*J2)/K2) -> 17.763349 | M2: =_xlfn.STDEV.S('Pemakaian Bulanan'!D2:O2) -> 2.3642504 | N2: =M2/SQRT(30) -> 0.43165109 | O2: 3 | P2: 1.65 | Q2: =N2*SQRT(O2)*P2 -> 1.2336087 | R2: =((D2/360)*O2)+Q2 -> 3.1399753
A3: BB03 | B3: Cocamidopropyl Betaine (CAPB) | C3: kg | D3: ='Pemakaian Bulanan'!P3 -> 125.8202 | E3: 65000 | F3: =D3*E3 -> 8178313 | G3: =F3/SUM($F$2:$F$11)*100 -> 8.3260553 | H3: =SUM($G$2:G3) -> 75.866084 | I3: =IF(H3<=80,"A",IF(H3<=95,"B","C")) -> A | J3: 40000 | K3: =E3*20% -> 13000 | L3: 42.239397 | M3: =_xlfn.STDEV.S('Pemakaian Bulanan'!D3:O3) -> 1.3003377 | N3: =M3/SQRT(30) -> 0.2374081 | O3: 5 | P3: 1.65 | Q3: =N3*SQRT(O3)*P3 -> 0.87592007 | R3: =((D3/360)*O3)+Q3 -> 2.6234228
A4: BB01 | B4: Methyl Ester Sulfonate (MES) | C4: kg | D4: ='Pemakaian Bulanan'!P4 -> 85.7865 | E4: 32000 | F4: =D4*E4 -> 2745168 | G4: =F4/SUM($F$2:$F$11)*100 -> 2.7947598 | H4: =SUM($G$2:G4) -> 78.660844 | I4: =IF(H4<=80,"A",IF(H4<=95,"B","C")) -> A | J4: 40000 | K4: =E4*20% -> 6400 | L4: 57.835975 | M4: =_xlfn.STDEV.S('Pemakaian Bulanan'!D4:O4) -> 0.88659389 | N4: =M4/SQRT(30) -> 0.16186916 | O4: 4 | P4: 1.65 | Q4: =N4*SQRT(O4)*P4 -> 0.53416822 | R4: =((D4/360)*O4)+Q4 -> 1.4873516
A5: BB05 | B5: Cetyl Alcohol | C5: kg | D5: ='Pemakaian Bulanan'!P5 -> 57.191 | E5: 85000 | F5: =D5*E5 -> 4861235 | G5: =F5/SUM($F$2:$F$11)*100 -> 4.9490539 | H5: =SUM($G$2:G5) -> 83.609898 | I5: =IF(H5<=80,"A",IF(H5<=95,"B","C")) -> B | J5: 40000 | K5: =E5*20% -> 17000 | L5: 27.896725 | M5: =_xlfn.STDEV.S('Pemakaian Bulanan'!D5:O5) -> 0.5910626 | N5: =M5/SQRT(30) -> 0.10791277 | O5: 3 | P5: 1.65 | Q5: =N5*SQRT(O5)*P5 -> 0.30840217 | R5: =((D5/360)*O5)+Q5 -> 0.78499383
A6: BB04 | B6: Elaeis Guineensis Butter | C6: kg | D6: ='Pemakaian Bulanan'!P6 -> 45.7528 | E6: 40000 | F6: =D6*E6 -> 1830112 | G6: =F6/SUM($F$2:$F$11)*100 -> 1.8631732 | H6: =SUM($G$2:G6) -> 85.473071 | I6: =IF(H6<=80,"A",IF(H6<=95,"B","C")) -> B | J6: 40000 | K6: =E6*20% -> 8000 | L6: 37.534195 | M6: =_xlfn.STDEV.S('Pemakaian Bulanan'!D6:O6) -> 0.47285008 | N6: =M6/SQRT(30) -> 0.086330218 | O6: 4 | P6: 1.65 | Q6: =N6*SQRT(O6)*P6 -> 0.28488972 | R6: =((D6/360)*O6)+Q6 -> 0.79325416
A7: BB10 | B7: Lavender Oil | C7: liter | D7: ='Pemakaian Bulanan'!P7 -> 11.4382 | E7: 250000 | F7: =D7*E7 -> 2859550 | G7: =F7/SUM($F$2:$F$11)*100 -> 2.9112082 | H7: =SUM($G$2:G7) -> 88.384279 | I7: =IF(H7<=80,"A",IF(H7<=95,"B","C")) -> B | J7: 40000 | K7: =E7*20% -> 50000 | L7: 4.1187724 | M7: =_xlfn.STDEV.S('Pemakaian Bulanan'!D7:O7) -> 0.11821252 | N7: =M7/SQRT(30) -> 0.021582554 | O7: 5 | P7: 1.65 | Q7: =N7*SQRT(O7)*P7 -> 0.079629097 | R7: =((D7/360)*O7)+Q7 -> 0.23849299
A8: BB08 | B8: Bergamot Oil | C8: liter | D8: ='Pemakaian Bulanan'!P8 -> 17.1573 | E8: 220000 | F8: =D8*E8 -> 3774606 | G8: =F8/SUM($F$2:$F$11)*100 -> 3.8427948 | H8: =SUM($G$2:G8) -> 92.227074 | I8: =IF(H8<=80,"A",IF(H8<=95,"B","C")) -> B | J8: 40000 | K8: =E8*20% -> 44000 | L8: 4.3882521 | M8: =_xlfn.STDEV.S('Pemakaian Bulanan'!D8:O8) -> 0.17731878 | N8: =M8/SQRT(30) -> 0.032373832 | O8: 5 | P8: 1.65 | Q8: =N8*SQRT(O8)*P8 -> 0.11944365 | R8: =((D8/360)*O8)+Q8 -> 0.35773948
A9: BB06 | B9: Guargum | C9: kg | D9: ='Pemakaian Bulanan'!P9 -> 17.1573 | E9: 75000 | F9: =D9*E9 -> 1286797.5 | G9: =F9/SUM($F$2:$F$11)*100 -> 1.3100437 | H9: =SUM($G$2:G9) -> 93.537118 | I9: =IF(H9<=80,"A",IF(H9<=95,"B","C")) -> B | J9: 40000 | K9: =E9*20% -> 15000 | L9: 9.3374247 | M9: =_xlfn.STDEV.S('Pemakaian Bulanan'!D9:O9) -> 0.17731878 | N9: =M9/SQRT(30) -> 0.032373832 | O9: 4 | P9: 1.65 | Q9: =N9*SQRT(O9)*P9 -> 0.10683364 | R9: =((D9/360)*O9)+Q9 -> 0.29747031
A10: BB09 | B10: Rosemary Oil | C10: liter | D10: ='Pemakaian Bulanan'!P10 -> 17.1573 | E10: 220000 | F10: =D10*E10 -> 3774606 | G10: =F10/SUM($F$2:$F$11)*100 -> 3.8427948 | H10: =SUM($G$2:G10) -> 97.379913 | I10: =IF(H10<=80,"A",IF(H10<=95,"B","C")) -> C | J10: 40000 | K10: =E10*20% -> 44000 | L10: 2.2870875 | M10: =_xlfn.STDEV.S('Pemakaian Bulanan'!D10:O10) -> 0.17731878 | N10: =M10/SQRT(30) -> 0.032373832 | O10: 5 | P10: 1.65 | Q10: =N10*SQRT(O10)*P10 -> 0.11944365 | R10: =((D10/360)*O10)+Q10 -> 0.35773948
A11: BB07 | B11: Urang-Aring | C11: kg | D11: ='Pemakaian Bulanan'!P11 -> 17.1573 | E11: 150000 | F11: =D11*E11 -> 2573595 | G11: =F11/SUM($F$2:$F$11)*100 -> 2.6200873 | H11: =SUM($G$2:G11) -> 100 | I11: =IF(H11<=80,"A",IF(H11<=95,"B","C")) -> C | J11: 40000 | K11: =E11*20% -> 30000 | L11: 2.7294688 | M11: =_xlfn.STDEV.S('Pemakaian Bulanan'!D11:O11) -> 0.17731878 | N11: =M11/SQRT(30) -> 0.032373832 | O11: 5 | P11: 1.65 | Q11: =N11*SQRT(O11)*P11 -> 0.11944365 | R11: =((D11/360)*O11)+Q11 -> 0.35773948
A13: Ringkasan Klasifikasi ABC:
A14: Kelas A (3 item, ~80% nilai): BB02, BB03, BB01
A15: Kelas B (3 item, ~15% nilai): BB05, BB04, BB10
A16: Kelas C (4 item, ~5% nilai): BB08, BB06, BB09, BB07

Sheet Data Pemesanan
A1: No | B1: Tanggal Pesan | C1: Kode | D1: Nama Bahan Baku | E1: Jenis Pesanan | F1: Supplier | G1: Kota | H1: Jumlah Pesan | I1: Satuan | J1: Harga Satuan (Rp) | K1: Total Harga (Rp) | L1: Lead Time (Hari) | M1: Estimasi Tiba | N1: Status
A2: 1 | B2: 45660 | C2: BB01 | D2: Methyl Ester Sulfonate (MES) | E2: Rutin | F2: CV. Multi Kimia
A3: 2 | B3: 45660 | C3: BB02 | D3: Sodium Cocoyl Isethionate (SCI) | E3: Rutin | F3: Jaya Kimia
A4: 3 | B4: 45660 | C4: BB03 | D4: Cocamidopropyl Betaine (CAPB) | E4: Rutin | F4: PT. Kao Indonesia Chemicals
A5: 4 | B5: 45660 | C5: BB04 | D5: Elaeis Guineensis Butter | E5: Rutin | F5: PT Jaya Utama Santikah
A6: 5 | B6: 45660 | C6: BB05 | D6: Cetyl Alcohol | E6: Rutin | F6: Jaya Kimia
A7: 6 | B7: 45660 | C7: BB06 | D7: Guargum | E7: Rutin | F7: CV. Multi Kimia
A8: 7 | B8: 45660 | C8: BB07 | D8: Urang-Aring | E8: Rutin | F8: Indoplant
A9: 8 | B9: 45660 | C9: BB08 | D9: Bergamot Oil | E9: Rutin | F9: PT. Nilam Widuri
A10: 9 | B10: 45660 | C10: BB09 | D10: Rosemary Oil | E10: Rutin | F10: PT. Nilam Widuri
A11: 10 | B11: 45660 | C11: BB10 | D11: Lavender Oil | E11: Rutin | F11: PT. Nilam Widuri
A12: 11 | B12: 45691 | C12: BB01 | D12: Methyl Ester Sulfonate (MES) | E12: Rutin | F12: CV. Multi Kimia
A13: 12 | B13: 45691 | C13: BB02 | D13: Sodium Cocoyl Isethionate (SCI) | E13: Rutin | F13: Jaya Kimia
... A82: 81 | B82: 45872 | C82: BB10 | D82: Lavender Oil | E82: Rutin | F82: PT. Nilam Widuri
A83: 82 | B83: 45887 | C83: BB01 | D83: Methyl Ester Sulfonate (MES)
A84: 83 | B84: 45887 | C84: BB02 | D84: Sodium Cocoyl Isethionate (SCI)
A85: 84 | B85: 45887 | C85: BB03 | D85: Cocamidopropyl Betaine (CAPB)
A86: 85 | B86: 45887 | C86: BB04 | D86: Elaeis Guineensis Butter
A87: 86 | B87: 45887 | C87: BB05 | D87: Cetyl Alcohol
A88: 87 | B88: 45887 | C88: BB06 | D88: Guargum
A89: 88 | B89: 45887 | C89: BB07 | D89: Urang-Aring
A90: 89 | B90: 45887 | C90: BB08 | D90: Bergamot Oil
A91: 90 | B91: 45887 | C91: BB10 | D91: Lavender Oil
A92: 91 | B92: 45903 | C92: BB01 | D92: Methyl Ester Sulfonate (MES) | E92: Rutin | F92: CV. Multi Kimia
A93: 92 | B93: 45903 | C93: BB02 | D93: Sodium Cocoyl Isethionate (SCI) | E93: Rutin | F93: Jaya Kimia
A94: 93 | B94: 45903 | C94: BB03 | D94: Cocamidopropyl Betaine (CAPB) | E94: Rutin | F94: PT. Kao Indonesia Chemicals
A95: 94 | B95: 45903 | C95: BB04 | D95: Elaeis Guineensis Butter | E95: Rutin | F95: PT Jaya Utama Santikah
A96: 95 | B96: 45903 | C96: BB05 | D96: Cetyl Alcohol | E96: Rutin | F96: Jaya Kimia
A97: 96 | B97: 45903 | C97: BB06 | D97: Guargum | E97: Rutin | F97: CV. Multi Kimia
A98: 97 | B98: 45903 | C98: BB07 | D98: Urang-Aring | E98: Rutin | F98: Indoplant
A99: 98 | B99: 45903 | C99: BB08 | D99: Bergamot Oil | E99: Rutin | F99: PT. Nilam Widuri
A100: 99 | B100: 45903 | C100: BB09 | D100: Rosemary Oil | E100: Rutin | F100: PT. Nilam Widuri
A101: 100 | B101: 45903 | C101: BB10 | D101: Lavender Oil | E101: Rutin | F101: PT. Nilam Widuri
A102: 101 | B102: 45933 | C102: BB01 | D102: Methyl Ester Sulfonate (MES) | E102: Rutin | F102: CV. Multi Kimia
A103: 102 | B103: 45933 | C103: BB02 | D103: Sodium Cocoyl Isethionate (SCI) | E103: Rutin | F103: Jaya Kimia
... A131: 130 | B131: 45994 | C131: BB10 | D131: Lavender Oil | E131: Rutin | F131: PT. Nilam Widuri

Sheet Master Bahan Baku
A1: Kode | B1: Nama Bahan Baku | C1: Satuan | D1: Supplier (Semarang - Rutin) | E1: Lead Time Rutin (Hari) | F1: Harga Rutin (Rp) | G1: Lead Time Darurat (Hari) | H1: Harga Darurat (Rp, +20%) | I1: Biaya Pesan/S (Rp) | J1: Biaya Simpan (%/th)
A2: BB01 | B2: Methyl Ester Sulfonate (MES) | C2: kg | D2: CV. Multi Kimia | E2: 4 | F2: ='ABC-EOQ-SS-ROP'!E2 -> 290000 | G2: 1-3 | H2: =F2+(F2*20%) -> 348000 | I2: ='ABC-EOQ-SS-ROP'!J2 -> 40000 | J2: ='ABC-EOQ-SS-ROP'!K2 -> 58000
A3: BB02 | B3: Sodium Cocoyl Isethionate (SCI) | C3: kg | D3: Jaya Kimia | E3: 3 | F3: ='ABC-EOQ-SS-ROP'!E3 -> 65000 | G3: 1-3 | H3: =F3+(F3*20%) -> 78000 | I3: ='ABC-EOQ-SS-ROP'!J3 -> 40000 | J3: ='ABC-EOQ-SS-ROP'!K3 -> 13000
A4: BB03 | B4: Cocamidopropyl Betaine (CAPB) | C4: kg | D4: PT. Kao Indonesia Chemicals | E4: 5 | F4: ='ABC-EOQ-SS-ROP'!E4 -> 32000 | G4: 1-3 | H4: =F4+(F4*20%) -> 38400 | I4: ='ABC-EOQ-SS-ROP'!J4 -> 40000 | J4: ='ABC-EOQ-SS-ROP'!K4 -> 6400
A5: BB04 | B5: Elaeis Guineensis Butter | C5: kg | D5: PT Jaya Utama Santikah | E5: 4 | F5: ='ABC-EOQ-SS-ROP'!E5 -> 85000 | G5: 1-3 | H5: =F5+(F5*20%) -> 102000 | I5: ='ABC-EOQ-SS-ROP'!J5 -> 40000 | J5: ='ABC-EOQ-SS-ROP'!K5 -> 17000
A6: BB05 | B6: Cetyl Alcohol | C6: kg | D6: Jaya Kimia | E6: 3 | F6: ='ABC-EOQ-SS-ROP'!E6 -> 40000 | G6: 1-3 | H6: =F6+(F6*20%) -> 48000 | I6: ='ABC-EOQ-SS-ROP'!J6 -> 40000 | J6: ='ABC-EOQ-SS-ROP'!K6 -> 8000
A7: BB06 | B7: Guargum | C7: kg | D7: CV. Multi Kimia | E7: 4 | F7: ='ABC-EOQ-SS-ROP'!E7 -> 250000 | G7: 1-3 | H7: =F7+(F7*20%) -> 300000 | I7: ='ABC-EOQ-SS-ROP'!J7 -> 40000 | J7: ='ABC-EOQ-SS-ROP'!K7 -> 50000
A8: BB07 | B8: Urang-Aring | C8: kg | D8: Indoplant | E8: 5 | F8: ='ABC-EOQ-SS-ROP'!E8 -> 220000 | G8: 1-3 | H8: =F8+(F8*20%) -> 264000 | I8: ='ABC-EOQ-SS-ROP'!J8 -> 40000 | J8: ='ABC-EOQ-SS-ROP'!K8 -> 44000
A9: BB08 | B9: Bergamot Oil | C9: liter | D9: PT. Nilam Widuri | E9: 5 | F9: ='ABC-EOQ-SS-ROP'!E9 -> 75000 | G9: 1-3 | H9: =F9+(F9*20%) -> 90000 | I9: ='ABC-EOQ-SS-ROP'!J9 -> 40000 | J9: ='ABC-EOQ-SS-ROP'!K9 -> 15000
A10: BB09 | B10: Rosemary Oil | C10: liter | D10: PT. Nilam Widuri | E10: 5 | F10: ='ABC-EOQ-SS-ROP'!E10 -> 220000 | G10: 1-3 | H10: =F10+(F10*20%) -> 264000 | I10: ='ABC-EOQ-SS-ROP'!J10 -> 40000 | J10: ='ABC-EOQ-SS-ROP'!K10 -> 44000
A11: BB10 | B11: Lavender Oil | C11: liter | D11: PT. Nilam Widuri | E11: 5 | F11: ='ABC-EOQ-SS-ROP'!E11 -> 150000 | G11: 1-3 | H11: =F11+(F11*20%) -> 180000 | I11: ='ABC-EOQ-SS-ROP'!J11 -> 40000 | J11: ='ABC-EOQ-SS-ROP'!K11 -> 30000

Sheet Catatan Asumsi & Metodologi
A1: CATATAN & METODOLOGI DATA DUMMY PEMESANAN BAHAN BAKU + PERHITUNGAN ABC/EOQ/SS/ROP
A3: A. SUMBER DATA PEMAKAIAN
A4: 1. MES, SCI, CAPB, Elaeis Guineensis Butter, Cetyl Alcohol: DATA RIIL perusahaan.
A5: 2. Guargum, Urang-Aring, Bergamot/Rosemary/Lavender Oil: ESTIMASI dari data penjualan 39
A6: varian x asumsi BOM (Guargum 1,0%, Bergamot/Lavender 0,5% - semua varian; Rosemary +1,5%
A7: pada varian Rosemary/Turmeric Rosemary; Urang-Aring 3,0% pada varian Urang Aring saja).
A8: Densitas minyak esensial diasumsikan 0,88 g/ml untuk konversi ke liter.
A10: B. PARAMETER PERHITUNGAN (SEMUA ASUMSI, PERLU VERIFIKASI KE PERUSAHAAN)
A11: 1. Harga satuan tiap bahan baku: ESTIMASI (lihat sheet Master Bahan Baku), BUKAN harga
A12: riil dari supplier/invoice.
A13: 2. Biaya pemesanan (S) = Rp75.000/pesanan untuk SEMUA bahan baku - asumsi rata-rata biaya
A14: admin & komunikasi per transaksi, lazim dipakai UMKM sejenis karena data riil tidak ada.
... A51: data pemakaian riil 5 bahan baku dasar.
